id,word,weight
0,已经,1
1,非常,2
2,就是,1
3,更加,1
4,一直,0
5,重要,0
6,甚至,0
7,安全,0
8,似乎,0
9,努力,4
10,持续,2
11,最大,3
12,必须,3
13,反对,5
14,严重,5
15,稳定,0
16,不同,2
17,完全,6
18,必要,0
19,较强,0
20,正常,0
21,大幅,0
22,相机,0
23,相对,0
24,稳健,0
25,几乎,0
26,不宜,0
27,更多,1
28,不利,1
29,至今,0
30,重复,0
31,便宜,0
32,短缺,0
33,根本,0
34,严峻,0
35,较大,0
36,长期,1
37,复杂,2
38,逐步,0
39,利好,0
40,相当,0
41,未免,0
42,经常,1
43,艰难,0
44,更为,0
45,当然,1
46,对此,3
47,绝对,0
48,广泛,2
49,充足,0
50,正确,0
51,一边,0
52,尊重,5
53,完美,0
54,被迫,2
55,到底,0
56,深刻,0
57,真正,0
58,蒙蔽,0
59,清单,0
60,坚定,0
61,积极,4
62,有效,0
63,一定,0
64,共同,1
65,详细,0
66,诚意,0
67,耐心,0
68,重大,0
69,软弱,0
70,无疑,0
71,重新,0
72,顺利,0
73,不断,3
74,具体,0
75,繁荣,0
76,明确,0
77,决不,0
78,很足,0
79,干劲,0
80,平淡,0
81,成功,0
82,首先,1
83,失衡,0
84,平衡,5
85,并未,0
86,直接,0
87,极大,0
88,普遍,0
89,正是,0
90,公开,0
91,激烈,0
92,尽早,0
93,同意,0
94,巨大,2
95,一致,0
96,迫切,0
97,健康,0
98,坦诚,0
99,其实,1
100,伟大,0
101,準确,0
102,毫不,0
103,正式,0
104,明显,0
105,不必,0
106,偏好,0
107,尤为,2
108,更是,0
109,凸显,0
110,狡诈,0
111,强硬,0
112,自私,0
113,极限,0
114,长远,0
115,着眼,0
116,必将,0
117,清醒,0
118,尚未,0
119,大于,0
120,更好,0
121,必然,1
122,复兴,0
123,赶上,0
124,自上,0
125,突然,0
126,重建,0
127,一般,0
128,强大,0
129,无效,0
130,也许,0
131,无益,0
132,暂时,0
133,紧张,1
134,不少,0
135,难以,1
136,准确,0
137,渐趋,0
138,先进,0
139,丰富,0
140,互相,4
141,何在,0
142,平定,0
143,永远,0
144,不再,2
145,傲慢,0
146,自由,0
147,长久,0
148,如同,0
149,紧密,0
150,暂停,0
151,先是,0
152,惨烈,0
153,始终,0
154,极为,2
155,粗暴,0
156,壮大,0
157,不满,0
158,从中,0
159,简单,0
160,最好,0
161,尤其,3
162,矛盾,0
163,最新,0
164,伤害,0
165,焦虑,0
166,再次,0
167,适当,0
168,苛刻,0
169,平等,0
170,近乎,0
171,疯狂,0
172,清楚,0
173,向上,0
174,广大,0
175,重振,0
176,迅速,0
177,强劲,0
178,一时,0
179,缓慢,0
180,郑重,0
181,沉寂,0
182,最终,0
183,温和,0
184,的未,0
185,的确,0
186,困难,0
187,究其,0
188,坚决,0
189,乐观,0
190,很小,0
191,首相,0
192,亲密,0
193,切实,3
194,较好,0
195,依然,0
196,极度,0
197,同步,0
198,未敢,0
199,毕竟,0
200,正面,0
201,落差,0
202,真诚,0
203,慢慢,0
204,高效,0
205,耐用,0
206,严格,0
207,或许,0
208,同样,0
209,显著,0
210,相同,0
211,珍贵,0
212,分别,1
213,纯利,0
214,容易,0
215,相继,0
216,更远,0
217,不单,0
218,比较,0
219,愚蠢,0
220,有限,0
221,审慎,0
222,愈发,0
223,纯粹,0
224,势必,0
225,合适,0
226,特别,3
227,未必,1
228,很大,2
229,连日,0
230,谨慎,0
231,特殊,0
232,高速,0
233,到来,2
234,宽松,1
235,再度,0
236,初步,0
237,充当,0
238,落实,0
239,绝不,0
240,纵深,0
241,自重,0
242,容忍,0
243,陆续,0
244,浓厚,0
245,立即,0
246,日渐,1
247,的缓,0
248,深远,0
249,成效,0
250,鲜明,0
251,牢固,0
252,越发,0
253,危险,0
254,不许,0
255,进度,0
256,旋即,0
257,至少,0
258,旺盛,0
259,最高,0
260,庞大,0
261,较为,0
262,仍在,0
263,原先,0
264,尽快,2
265,一旦,0
266,真是,0
267,清晰,0
268,忠实,0
269,老大,0
270,马上,0
271,就要,0
272,颟顸,0
273,自愿,0
274,完整,0
275,格外,0
276,精细,0
277,迟疑,0
278,自然,0
279,大致,0
280,稍为,0
281,立刻,0
282,届时,0
283,不稳,0
284,固执,0
285,或少,0
286,有利,0
287,不乱,0
288,仍然,1
289,萧条,0
290,认真,0
291,确实,0
292,原来,0
293,显然,0
294,密切,0
295,真实,0
296,原意,0
297,深厚,0
298,别扭,0
299,难免,0
300,暂对,0
301,良好,0
302,亲切,0
303,艰苦,0
304,偷来,0
305,务实,1
306,平稳,1
307,逐渐,0
308,不敢,0
309,起步,0
310,罕见,2
311,细细,0
312,较量,0
313,微弱,0
314,究来,0
315,好处,0
316,进步,0
317,充分,0
318,就此,2
319,极其,1
320,尊严,0
321,很薄,0
322,正当,0
323,互为,0
324,不安,0
325,高新,0
326,只许,0
327,永久,0
328,越是,0
329,依次,0
330,难怪,0
331,动辄,0
332,微软,0
333,偏远,0
334,严谨,0
335,大步,0
336,最差,0
337,大亏,0
338,恶劣,0
339,随时,0
340,配套,0
341,缓和,0
342,尽头,0
343,大连,0
344,紊乱,0
345,至此,0
346,稳妥,0
347,自美,0
348,大约,0
349,很快,0
350,微妙,0
351,敏感,1
352,可观,0
353,简直,0
354,快速,0
355,乏力,0
356,低速,0
357,仅仅,0
358,渺茫,0
359,纷纷,0
360,急速,0
361,温暖,0
362,难再,0
363,艰巨,0
364,正好,0
365,真的,1
366,很强,0
367,居然,0
368,越好,0
369,难度,0
370,遽然,0
371,单边,0
372,非凡,0
373,毋须,0
374,灵活,0
375,悲观,0
376,犀利,0
377,果断,0
378,乘下,0
379,一大,0
380,恐难,0
381,历次,0
382,即将,2
383,远远,0
384,坚韧,0
385,历经,0
386,照样,0
387,和谐,0
388,互不,0
389,困惑,0
390,正同,0
391,幸福,0
392,迟迟,0
393,更要,0
394,相互,1
395,已然,0
396,最优,0
397,遗憾,0
398,深感,0
399,险峻,0
400,利淡,0
401,恐怕,0
402,窘迫,0
403,凡是,0
404,最快,0
405,立法,0
406,不足,0
407,不久,0
408,暂缓,0
409,原定,0
410,一举,0
411,失效,0
412,强烈,2
413,重重,0
414,连同,0
415,愈远,0
416,相连,0
417,辛苦,0
418,成熟,1
419,了大,0
420,混乱,0
421,团结,0
422,美好,0
423,充裕,0
424,致远,0
425,不错,0
426,疲弱,0
427,长实,0
428,生猛,0
429,随即,0
430,充满,0
431,连续,0
432,忙碌,0
433,很淡,0
434,落后,0
435,最少,0
436,的终,0
437,早些,0
438,早已,0
439,和缓,0
440,绝大,0
441,不妙,0
442,亲自,0
443,最低,0
444,适时,0
445,适度,0
446,断然,0
447,平均,0
448,合同,0
449,雄厚,0
450,最小,0
451,最为,0
452,意外,0
453,初衷,0
454,较美,0
455,绝非,0
456,常常,0
457,当刻,0
458,精美,0
459,究竟,0
460,不已,0
461,诚挚,0
462,细致,0
463,越过,0
464,偏松,0
465,松紧,0
466,明晰,0
467,模糊,0
468,持久,0
469,频繁,0
470,终将,0
471,平安,0
472,幼稚,0
473,猛后,0
474,无奈,0
475,不猛,0
476,却是,0
477,短暂,0
478,略微,0
479,更趋,0
480,重心,0
481,惊喜,0
482,正处,0
483,友好,0
484,邪恶,0
485,差别,0
486,恐怖,0
487,勇敢,0
488,繁忙,0
489,连夜,0
490,已于,0
491,罕有,0
492,害惨,0
493,大举,0
494,迄今,1
495,惨痛,0
496,贫穷,0
497,稳步,0
498,一同,0
499,牢牢,0
500,暗中,0
501,曾经,0
502,特定,0
503,兇险,0
504,昂贵,0
505,发功,0
506,伟达,0
507,幸好,0
508,单纯,0
509,痛楚,0
510,厉害,0
511,刚刚,0
512,随意,0
513,痛苦,0
514,急眼,0
515,幸运,0
516,糟糕,0
517,紧急,0
518,不难,0
519,竭力,0
520,常见,0
521,趁机,0
522,更不,0
523,绝地,0
524,崎岖,0
525,蛮横,0
526,间断,0
527,从未,0
528,甚觉,0
529,其然,0
530,极致,0
531,聪明,0
532,较高,0
533,连番,0
534,异常,0
535,著名,0
536,轮番,0
537,私募,0
538,迟早,0
539,沉重,0
540,脆弱,0
541,突显,0
542,忧心,0
543,美狂,0
544,自已,0
545,必定,0
546,始于,0
547,严厉,0
548,无须,0
549,私利,1
550,恰恰,0
551,到处,0
552,频频,0
553,赶场,0
554,尽速,0
555,互动,0
556,屡次,0
557,较弱,0
558,一再,0
559,稀缺,0
560,犹豫,0
561,再三,0
562,批次,0
563,惊人,0
564,到期,0
565,通常,0
566,荒谬,0
567,愤慨,0
568,近似,0
569,自华,0
570,只好,0
571,竟然,0
572,窄至,0
573,现已,0
574,均衡,2
575,逐一,0
576,剧烈,0
577,故其,0
578,尽量,0
579,饱和,0
580,贫困,0
581,最伤,0
582,快要,0
583,仍未,0
584,诚恳,0
585,仔细,0
586,固本,0
587,轻易,0
588,逐个,0
589,甚为,0
590,恐慌,0
591,硬正,0
592,公然,0
593,将要,0
594,相处,0
595,从来,0
596,较低,0
597,较快,0
598,正规,0
599,很好,0
600,贪婪,0
601,贸然,0
602,愈加,0
603,疲软,0
604,翻倍,0
605,沉默,1
606,长足,0
607,肆意,0
608,美要,0
609,有进,0
610,一向,0
611,激怒,0
612,真心,0
613,着同,0
614,广阔,0
615,丰厚,0
616,竟以,0
617,连结,0
618,麻烦,0
619,及早,0
620,珍惜,0
621,顽强,0
622,猖狂,0
623,甚微,0
624,忽略,0
625,难道,0
626,特上,0
627,冷静,0
628,虚实,0
629,不小,0
630,精确,0
631,难得,0
632,便利,0
633,随后,0
634,业已,0
635,仍旧,0
636,极易,0
637,正直,0
638,渐远,0
639,已故,0
640,头疼,0
641,漂亮,0
642,丑陋,0
643,大再,0
644,悬殊,0
645,年轻,0
646,高大,0
647,平庸,0
648,几度,0
649,逐年,0
650,虚胖,0
651,激动,0
652,烦恼,0
653,不振,0
654,强弱,0
655,乐见,0
656,恐将,0
657,不幸,0
658,赶慢,0
659,赶地,0
660,轻忽,0
661,果真,0
662,惊讶,0
663,甚深,0
664,猝然,0
665,顿时,0
666,骄横,0
667,跋扈,0
668,尖锐,0
669,一来,0
670,非对,0
671,急于,0
672,干脆,0
673,生涩,0
674,狡猾,0
675,无穷,0
676,精明,0
677,短见,0
678,何来,0
679,穷尽,0
680,更深,0
681,彻底,0
682,很爽,0
683,富裕,0
684,猛烈,0
685,清洁,0
686,恰好,0
687,暂定,0
688,早就,2
689,低廉,0
690,好好,0
691,优秀,0
692,单独,0
693,最狠,0
694,独特,0
695,终于,0
696,不易,0
697,柔弱,0
698,高举,0
699,已心,0
700,辉耀,0
701,更新,0
702,普惠,0
703,很低,0
704,曲折,0
705,坚实,0
706,更优,0
707,最早,1
708,首都,0
709,率先,0
710,干活,0
711,奢望,0
712,无耻,0
713,厚实,0
714,艰辛,0
715,野蛮,0
716,极厚,0
717,频发,0
718,健全,0
719,繁多,0
720,适宜,0
721,广袤,0
722,偏偏,0
723,柔软,0
724,紧贴,0
725,其意,1
726,连通,0
727,扎实,0
728,惭愧,0
729,浮躁,0
730,鲜活,0
731,谦和,0
732,火纯,0
733,尴尬,0
734,优劣,0
735,狭窄,0
736,很高,0
737,始至,0
738,雄安,0
739,实时,0
740,简便,0
741,轻松,0
742,舒适,0
743,简约,0
744,最多,0
745,长于,0
746,流畅,0
747,随便,0
748,疯涨,0
749,干净,0
750,立足,0
751,详见,0
752,分步,0
753,薄弱,0
754,清理,0
755,糊涂,0
756,辉煌,0
757,强悍,0
758,真不,0
759,虚假,0
760,逆势,0
761,坚挺,0
762,爱奇,0
763,低俗,0
764,迅猛,0
765,反日,0
766,很烦,0
767,最靠,0
768,果然,0
769,空缺,0
770,日经,0
771,难点,0
772,神秘,0
773,干旱,0
774,微博,0
775,长相,0
776,自小,0
777,奇效,0
778,复利,0
779,即期,0
780,方便,0
781,活泼,0
782,稳固,0
783,或难,0
784,稀罕,0
785,频出,0
786,当真,0
787,硬刚,0
788,平常,0
789,耐高,0
790,最主,0
791,潮湿,0
792,爱集,0
793,较慢,0
794,有名,0
795,暴富,0
796,不良,0
797,简陋,0
798,落细,0
799,松懈,0
800,即可,0
801,紧迫,0
802,严苛,0
803,日常,0
804,保洁,0
805,精密,0
806,全新,0
807,日趋,0
808,从不,0
809,止步,0
810,不高,0
811,激活,0
812,大概,0
813,偏慢,0
814,平凡,0
815,恐惧,1
816,厚重,0
817,小步,0
818,固废,0
819,欣喜,0
820,精湛,0
821,优异,0
822,固定,0
823,聪慧,0
824,恭喜,0
825,特效,0
826,繁盛,0
827,坎坷,0
828,绚丽,0
829,轻微,0
830,爱好,0
831,较晚,0
832,自大,0
833,强迫,0
834,伤痛,0
835,友爱,0
836,繁茂,0
837,着实,0
838,松动,0
839,精进,0
840,不禁,0
841,安好,0
842,热烈,0
843,柔情,0
844,一晃,0
845,凶猛,0
846,嚣张,0
847,赶紧,0
848,疲倦,0
849,正向,0
850,本意,0
851,着急,0
852,慌张,0
853,快捷,0
854,越来,0
855,往复,0
856,越多,0
857,统独,0
858,十足,0
859,有趣,0
860,乐趣,0
861,的对,0
862,不对,0
863,寻常,0
864,响亮,0
865,懈怠,0
866,基建,0
867,从对,0
868,不当,0
869,长处,0
870,最热,0
871,大为,0
872,不大,0
873,不好,1
874,恒大,0
875,多于,0
876,宽广,0
877,择时,0
878,果实,0
879,稳后,0
880,更快,0
881,顽固,0
882,凉爽,0
883,迟钝,0
884,幸免,0
885,庄严,0
886,最强,0
887,宏大,0
888,轻浮,0
889,惊慌,0
890,特新,0
891,偶然,0
892,稀松,0
893,热闹,0
894,亮丽,0
895,整洁,0
896,醇熟,0
897,高后,0
898,顺畅,0
899,就点,0
900,卫生,0
901,频次,0
902,有大,0
903,非刚,0
904,相较,0
905,仍为,0
906,逐月,0
907,至上,0
908,随手,0
909,美满,0
910,到断,0
911,爱用,0
912,豪华,0
913,富余,0
914,的次,0
915,高低,0
916,便捷,0
917,逐笔,0
918,再往,0
919,详尽,0
920,无聊,0
921,吃辣,0
922,踏实,0
923,着重,0
924,想必,0
925,不停,0
926,急躁,0
927,野康,0
928,轰然,0
929,落寞,0
930,亲近,0
931,惋惜,0
932,猛将,0
933,终究,0
934,不曾,0
935,时而,0
936,事先,0
937,外显,0
938,迟缓,0
939,吝啬,0
940,庄重,0
941,特意,0
942,不通,0
943,苦难,0
944,朴实,0
945,幸亏,0
946,恐美,0
947,孱弱,0
948,紧缺,0
949,稍微,0
950,连动,0
951,真切,0
952,灿烂,0
953,寂静,0
954,辽阔,0
955,默默,0
956,毒辣,0
957,廉洁,0
958,渐渐,0
959,勤奋,0
960,隐蔽,0
961,虚伪,0
962,稳速,0
963,衰弱,0
964,未尽,0
965,反常,0
966,急切,0
967,乖乖,0
968,蹊跷,0
969,虚弱,0
970,自觉,0
971,本该,0
972,高傲,0
973,火爆,0
974,仿佛,0
975,很早,0
976,逼急,0
977,越勇,0
978,缜密,0
979,强盛,0
980,热爱,0
981,暗暗,0
982,据此,0
983,无处,0
984,出奇,0
985,擅自,0
986,全然,0
987,愚昧,0
988,险恶,0
989,最先,0
990,丰满,0
991,繁杂,0
992,仍较,0
993,光鲜,0
994,较小,0
995,真相,0
996,连美,0
997,颓靡,0
998,慌乱,0
999,偷偷,0
1000,狠狠,0
1001,清奇,0
1002,宏伟,0
1003,大肆,0
1004,痛快,0
1005,嘴硬,0
1006,最绝,0
1007,风肃,0
1008,到正,0
1009,心急,0
1010,不愿,0
1011,较多,0
1012,独自,0
1013,借此,0
1014,却远,0
1015,紧紧,0
1016,气馁,0
1017,牢靠,0
1018,再上,0
1019,睿智,0
1020,沉稳,0
1021,故意,0
1022,惨重,0
1023,高处,0
1024,宁愿,0
1025,忠诚,0
1026,先正,0
1027,赶快,0
1028,不爽,0
1029,惹恼,0
1030,最未,0
1031,更迭,0
1032,有害,0
1033,慷慨,0
1034,宽容,0
1035,诧异,0
1036,不轻,0
1037,较广,0
1038,庞杂,0
1039,公募,0
1040,勤劳,0
1041,贴切,0
1042,只顾,0
1043,惊愕,0
1044,狂妄,0
1045,单靠,0
1046,再以,0
1047,平和,0
1048,友善,0
1049,更稳,0
1050,卑劣,0
1051,委婉,0
1052,颇深,0
1053,干满,0
1054,高达,0
1055,未经,0
1056,荒唐,0
1057,尽力,0
1058,威名,0
1059,较差,0
1060,偏紧,0
1061,平缓,0
1062,很长,0
1063,漫漫,0
1064,软硬,0
1065,一期,0
1066,当对,0
1067,狭隘,0
1068,残酷,0
1069,再也,0
1070,精巧,0
1071,有别,0
1072,越快,0
1073,深至,0
1074,扼要,0
1075,不远,0
1076,自古,0
1077,着未,0
1078,狠毒,0
1079,光靠,0
1080,不菲,0
1081,不凡,0
1082,通往,0
1083,并处,0
1084,雄辩,0
1085,奋力,0
1086,悍然,0
1087,复刻,0
1088,平静,0
1089,紧俏,0
1090,有错,0
1091,不均,0
1092,大意,0
1093,已同,0
1094,凶狠,0
1095,过对,0
1096,幽默,0
1097,邪乎,0
1098,惊奇,0
1099,已久,0
1100,错愕,0
1101,最难,0
1102,熟练,0
1103,大加,0
1104,永不,0
1105,着劲,0
1106,似得,0
1107,互疑,0
1108,诚实,0
1109,肥沃,0
1110,陡然,0
1111,著称,0
1112,从没,0
1113,胆怯,0
1114,粗蛮,0
1115,焦灼,0
1116,不慎,0
1117,时常,0
1118,粗厚,0
1119,大后,0
1120,不弱,0
1121,光滑,0
1122,据点,0
1123,也门,0
1124,偶尔,0
1125,浅薄,0
1126,更对,0
1127,吃惊,0
1128,丰硕,0
1129,连年,0
1130,越加,0
1131,更外,0
1132,敏实,0
1133,腐败,0
1134,更少,0
1135,畅通,0
1136,的较,0
1137,宽泛,0
1138,焦躁,0
1139,立得,0
1140,愤青,0
1141,的刚,0
1142,正冷,0
1143,最恶,0
1144,已是,0
1145,优渥,0
1146,索要,0
1147,确切,0
1148,一经,0
1149,富庶,0
1150,苦涩,0
1151,无不,0
1152,悄然,0
1153,含糊,0
1154,怯懦,0
1155,隐秘,0
1156,本分,0
1157,舒服,0
1158,严整,0
1159,最怕,0
1160,独处,0
1161,有紧,0
1162,粗糙,0
1163,至暗,0
1164,越早,0
1165,悲壮,0
1166,直面,0
1167,冷淡,0
1168,真真,0
1169,亲中,0
1170,凄惨,0
1171,不俗,0
1172,谦虚,0
1173,自在,0
1174,最长,0
1175,民爆,0
1176,严肃,0
1177,必达,0
1178,很难,0
1179,贫富,0
1180,平坦,0
1181,肥大,0
1182,稀少,0
1183,沮丧,0
1184,最全,0
1185,激昂,0
1186,越细,0
1187,凉凉,0
1188,轻巧,0
1189,缥缈,0
1190,详实,0
1191,枯燥,0
1192,坦然,0
1193,再趋,0
1194,刁难,0
1195,危难,0
1196,已将,0
1197,善良,0
1198,屡屡,0
1199,渐行,0
1200,苦苦,0
1201,得体,0
1202,零碎,0
1203,正中,0
1204,渐近,0
1205,独独,0
1206,越久,0
1207,不定,0
1208,显弱,0
1209,忙活,0
1210,很久,0
1211,极小,0
1212,各异,0
1213,急剧,0
1214,稳中,0
1215,柔和,0
1216,宽阔,0
1217,连连,0
1218,拟将,0
1219,仓促,0
1220,先要,0
1221,快来,0
1222,迎面,0
1223,几经,0
1224,迟后,0
1225,由衷,0
1226,坚毅,0
1227,博热,0
1228,一昧,0
1229,相约,0
1230,固守,0
1231,顶多,0
1232,最最,0
1233,愉悦,0
1234,仍是,0
1235,不慌,0
1236,当非,0
1237,积弱,0
1238,常年,0
1239,恼人,0
1240,越不,0
1241,惊险,0
1242,极少,0
1243,向往,0
1244,精深,0
1245,本续,0
1246,内疚,0
1247,浅显,0
1248,不分,0
1249,远未,0
1250,淳朴,0
1251,故未,0
1252,自满,0
1253,特期,0
1254,难分,0
1255,姑且,0
1256,暂不,0
1257,专硕,0
1258,从小,0
1259,癫狂,0
1260,比新,0
1261,一码,0
1262,即新,0
1263,至约,0
1264,不多,0
1265,进未,0
1266,由对,0
1267,清淡,0
1268,已处,0
1269,更猛,0
1270,很猛,0
1271,持丽,0
1272,差些,0
1273,勤快,0
1274,甚远,0
1275,互加,0
1276,淡薄,0
1277,彪悍,0
1278,稍后,0
1279,详情,0
1280,未曾,0
1281,对越,0
1282,定然,0
1283,已早,0
1284,已近,0
1285,偏重,0
1286,成美,0
1287,健忘,0
1288,分许,0
1289,极低,0
1290,长满,0
1291,神奇,0
1292,莫不,0
1293,凌乱,0
1294,的么,0
1295,故对,0
1296,单单,0
1297,骤然,0
1298,骄傲,0
1299,默许,0
1300,稀烂,0
1301,极强,0
1302,到定,0
1303,微薄,0
1304,异动,0
1305,威严,0
1306,很痛,0
1307,被定,0
1308,反智,0
1309,低效,0
1310,过硬,0
1311,诚然,0
1312,简洁,0
1313,优雅,0
1314,唯独,0
1315,谙熟,0
1316,反共,0
1317,亲美,0
1318,终点,0
1319,最劲,0
1320,狡辩,0
1321,滑稽,0
1322,初次,0
1323,非得,0
1324,越趋,0
1325,粗犷,0
1326,苦恼,0
1327,连累,0
1328,肤浅,0
1329,愉快,0
1330,未尝,0
1331,疏远,0
1332,亲华,0
1333,繁琐,0
1334,按时,0
1335,竟是,0
1336,心疼,0
1337,危困,0
1338,可乐,0
1339,细微,0
1340,耀眼,0
1341,博大,0
1342,刚强,0
1343,鲜艳,0
1344,强壮,0
1345,何必,0
1346,急忙,0
1347,大全,0
1348,沉痛,0
1349,慢速,0
1350,不懈,0
1351,良久,0
1352,艳丽,0
1353,特将,0
1354,未续,0
1355,也微,0
1356,仍对,0
1357,多单,0
1358,小确,0
1359,顺便,0
1360,明细,0
1361,最细,0
1362,渺小,0
1363,奇观,0
1364,诡异,0
1365,正理,0
1366,起初,0
1367,一静,0
1368,可贵,0
1369,猛下,0
1370,狠手,0
1371,极高,0
1372,寒冷,0
1373,非分,0
1374,也定,0
1375,恰当,0
1376,毅然,0
1377,凶险,0
1378,共处,0
1379,太弱,0
1380,更惨,0
1381,绝活,0
1382,最轻,0
1383,共约,0
1384,富饶,0
1385,轻佻,0
1386,最深,0
1387,艰困,0
1388,自哀,0
1389,无尽,0
1390,憋足,0
1391,最急,0
1392,稍加,0
1393,勤俭,0
1394,节俭,0
1395,可大,0
1396,发软,0
1397,到手,0
1398,不适,0
1399,致富,0
1400,混沌,0
1401,再对,0
1402,着美,0
1403,不快,0
1404,红遍,0
1405,遥远,0
1406,深邃,0
1407,妥帖,0
1408,反正,0
1409,私聊,0
1410,敏捷,0
1411,清新,0
1412,满脸,0
1413,危急,0
1414,再加,0
1415,侥幸,0
1416,苦痛,0
1417,完秀,0
1418,贫弱,0
1419,急缺,0
1420,纯熟,0
1421,愕然,0
1422,恐中,0
1423,特快,0
1424,残余,0
1425,的微,0
1426,较劲,0
1427,胆小,0
1428,胆大,0
1429,相异,0
1430,心凉,0
1431,蹩出,0
1432,快手,0
1433,安稳,0
1434,费劲,0
1435,一停,0
1436,积分,0
1437,严酷,0
1438,趁早,0
1439,轻薄,0
1440,合盛,0
1441,悍将,0
1442,简明,0
1443,累赘,0
1444,按期,0
1445,活佛,0
1446,瘠薄,0
1447,抑郁,0
1448,悠久,0
1449,粗壮,0
1450,昂然,0
1451,成福,0
1452,坚硬,0
1453,秀美,0
1454,一聊,0
1455,刚好,0
1456,恐极,0
1457,很晚,0
1458,稳稳,0
1459,比仅,0
1460,犹疑,0
1461,极佳,0
1462,进样,0
1463,优越,0
1464,有同,0
1465,分细,0
1466,潮热,0
1467,极乐,0
1468,首发,0
1469,精致,0
1470,一小,0
1471,舒畅,0
1472,太大,0
1473,连忙,0
1474,倒霉,0
1475,细碎,0
1476,先折,0
1477,很贵,0
1478,自新,0
1479,晦气,0
1480,大好,0
1481,独秀,0
1482,如实,0
1483,最迟,0
1484,的直,0
1485,也远,0
1486,并举,0
1487,憨厚,0
1488,却少,0
1489,居多,0
1490,拼好,0
1491,好奇,0
1492,比断,0
1493,一律,0
1494,再来,0
1495,狼般,0
1496,最弱,0
1497,不躁,0
1498,务必,0
1499,烦琐,0
1500,封建,0
1501,最惨,0
1502,偏弱,0
1503,通畅,0
1504,灵便,0
1505,坚固,0
1506,拼的,0
1507,紧挨,0
1508,普适,0
1509,聊个,0
1510,卑鄙,0
1511,奢华,0
1512,珍稀,0
1513,陆定,0
1514,囫囵,0
1515,急迫,0
1516,沉闷,0
1517,乏味,0
1518,踏足,0
1519,稳向,0
1520,极富,0
1521,猖獗,0
1522,立中,0
1523,郁闷,0
1524,纷乱,0
1525,不畅,0
1526,往常,0
1527,虚妄,0
1528,平当,0
1529,较远,0
1530,绝然,0
1531,较热,0
1532,最贵,0
1533,暗上,0
1534,稀奇,0
1535,低靡,0
1536,亲手,0
1537,胆敢,0
1538,不严,0
1539,极不,0
1540,硕大,0
1541,并远,0
1542,相声,0
1543,残害,0
1544,偏要,0
1545,一闹,0
1546,风靡,0
1547,比分,0
1548,难处,0
1549,一并,0
1550,心慌,0
1551,很辣,0
1552,的为,0
1553,清白,0
1554,只当,0
1555,一幅,0
1556,当即,0
1557,就敢,0
1558,羞耻,0
1559,连其,0
1560,极了,0
1561,不热,0
1562,就连,0
1563,较长,0
1564,纯洁,0
1565,何尝,0
1566,常为,0
1567,难倒,0
1568,一后,0
1569,连声,0
1570,只须,0
1571,猛然,0
1572,惊觉,0
1573,直爽,0
1574,自将,0
1575,已并,0
1576,浓郁,0
1577,怪异,0
1578,却连,0
1579,失稳,0
1580,不熟,0
1581,逐项,0
1582,永续,0
1583,从严,0
1584,暂未,0
1585,一加,0
1586,却常,0
1587,肮脏,0
1588,伟康,0
1589,隐晦,0
1590,已至,0
1591,越少,0
1592,私自,0
1593,拙劣,0
1594,真须,0
1595,扎心,0
1596,深重,0
1597,不晚,0
1598,仅当,0
1599,更难,0
1600,有心,0
1601,阔绰,0
1602,难安,0
1603,腐朽,0
1604,均匀,0
1605,纷繁,0
1606,强横,0
1607,越深,0
1608,狠辣,0
1609,果敢,0
1610,很烂,0
1611,窄幅,0
1612,已较,0
1613,平平,0
1614,清甜,0
1615,扎眼,0
1616,贫瘠,0
1617,残忍,0
1618,实处,0
1619,忽然,0
1620,悲痛,0
1621,热切,0
1622,严密,0
1623,长途,0
1624,年满,0
1625,巧妙,0
1626,比以,0
1627,古怪,0
1628,约旦,0
1629,暗处,0
1630,顺手,0
1631,长年,0
1632,精良,0
1633,重硬,0
1634,轻软,0
1635,宽敞,0
1636,浪漫,0
1637,惊悚,0
1638,慎重,0
1639,冷酷,0
1640,重伤,0
1641,美妙,0
1642,松弛,0
1643,愚懦,0
1644,严守,0
1645,娴熟,0
1646,善利,0
1647,闲适,0
1648,当好,0
1649,早先,0
1650,广受,0
1651,却暗,0
1652,极速,0
1653,舒默,0
1654,可悲,0
1655,拖沓,0
1656,连大,0
1657,迟滞,0
1658,连本,0
1659,老辣,0
1660,果决,0
1661,较真,0
1662,反不,0
1663,虚高,0
1664,多大,0
1665,甚是,0
1666,矫情,0
1667,最重,0
1668,一心,0
1669,最脏,0
1670,多亏,0
1671,特约,0
1672,不上,0
1673,不吝,0
1674,徒然,0
1675,劳碌,0
1676,活泛,0
1677,笨重,0
1678,稍稍,0
1679,已为,0
1680,的正,0
1681,微微,0
1682,赶单,0
1683,长阔,0
1684,定其,0
1685,有较,0
1686,刚一,0
1687,壮胆,0
1688,微幅,0
1689,仍远,0
1690,丑恶,0
1691,些许,0
1692,要弱,0
1693,顺眼,0
1694,共已,0
1695,太软,0
1696,更早,0
1697,经来,0
1698,自利,0
1699,不祥,0
1700,冷峻,0
1701,稳强,0
1702,焦急,1
1703,自足,0
1704,已对,0
1705,不偷,0
1706,敏锐,0
1707,亲热,0
1708,血腥,0
1709,浩瀚,0
1710,的越,0
1711,一极,0
1712,耳熟,0
1713,正盛,0
1714,被困,0
1715,逐日,0
1716,有见,0
1717,踊跃,0
1718,的初,0
1719,圆滑,0
1720,反面,0
1721,必究,0
1722,率是,0
1723,鲜少,0
1724,显赫,0
1725,实非,0
1726,自傲,0
1727,孤独,0
1728,全开,0
1729,多同,0
1730,暗淡,0
1731,同新,0
1732,一慢,0
1733,比对,0
1734,谦恭,0
1735,笨拙,0
1736,最苦,0
1737,截然,0
1738,到场,0
1739,大忙,0
1740,荒诞,0
1741,正巧,0
1742,无声,0
1743,善恶,0
1744,一新,0
1745,特许,0
1746,先稳,0
1747,一稳,0
1748,飘渺,0
1749,独断,0
1750,不愁,0
1751,惊惧,0
1752,重燃,0
1753,大越,0
1754,粗鄙,0
1755,狼狈,0
1756,诡谲,0
1757,有功,0
1758,稳于,0
1759,大将,0
1760,愧疚,0
1761,最显,0
1762,较窄,0
1763,必先,0
1764,完好,0
1765,相时,0
1766,立时,0
1767,再举,0
1768,早点,0
1769,不睦,0
1770,特大,0
1771,耐受,0
1772,可耻,0
1773,最老,0
1774,有好,0
1775,全齐,0
1776,美弱,0
1777,良心,0
1778,亲疏,0
1779,紧要,0
1780,极尽,0
1781,不妥,0
1782,空大,0
1783,再后,0
1784,暧昧,0
1785,深切,0
1786,先足,0
1787,的力,0
1788,立下,0
1789,初愈,0
1790,难易,0
1791,恶名,0
1792,清盛,0
1793,不闹,0
1794,颓废,0
1795,靠谱,0
1796,悲惨,0
1797,何用,0
1798,却正,0
1799,充实,0
1800,迷乱,0
1801,浩大,0
1802,各大,0
1803,更正,0
1804,惊恐,0
1805,自其,0
1806,宽裕,0
1807,的往,0
1808,软恐,0
1809,圆满,0
1810,零时,0
1811,难熬,0
1812,赶往,0
1813,趁势,0
1814,调适,0
1815,暂且,0
1816,大抵,0
1817,未对,0
1818,迥异,0
1819,特后,0
1820,已不,0
1821,的竟,0
1822,强韧,0
1823,奇异,0
1824,普涨,0
1825,喜悦,0
1826,狂热,0
1827,狠劲,0
1828,越共,0
1829,狠批,0
1830,略偏,0
1831,随机,0
1832,真够,0
1833,很远,0
1834,很明,0
1835,异样,0
1836,不顺,0
1837,暂于,0
1838,略好,0
1839,稍晚,0
1840,先烈,0
1841,仍须,0
1842,稍早,0
1843,最慢,0
1844,较之,0
1845,明福,0
1846,未断,0
1847,连绵,0
1848,正静,0
1849,完假,0
1850,已先,0
1851,高洁,0
1852,知松,0
1853,中般,0
1854,登曾,0
1855,自断,0
1856,渐劲,0
1857,连为,0
1858,不和,0
1859,迫华,0
1860,疲惫,0
1861,爽快,0
1862,逐户,0
1863,较少,0
1864,特批,0
1865,亟须,0
1866,常套,0
1867,浓重,0
1868,香殊,0
1869,较淡,0
1870,谦卑,0
1871,首尔,0
1872,丰度,0
1873,臃肿,0
1874,实难,0
1875,必自,0
1876,切勿,0
1877,恣意,0
1878,热诚,0
1879,甜腻,0
1880,共度,0
1881,更牢,0
1882,深浅,0
1883,炫富,0
1884,满分,0
1885,越要,0
1886,舍此,0
1887,极好,0
1888,不惧,0
1889,即刻,0
1890,频密,0
1891,比后,0
1892,很窄,0
1893,骄纵,0
1894,难抵,0
1895,已断,0
1896,昭著,0
1897,更穷,0
1898,一算,0
1899,单挑,0
1900,正大,0
1901,更狠,0
1902,快乐,0
1903,卑微,0
1904,一概,0
1905,心切,0
1906,着要,0
1907,极难,0
1908,向好,0
1909,恐趋,0
1910,久期,0
1911,也渐,0
1912,比已,0
1913,亲眼,0
1914,不紧,0
1915,不贵,0
1916,以较,0
1917,分好,0
1918,先富,0
1919,混杂,0
1920,的度,0
1921,正且,0
1922,崇美,0
1923,灵巧,0
1924,坚劲,0
1925,诚心,0
1926,逐条,0
1927,很重,0
1928,悉数,0
1929,更偏,0
1930,特的,0
1931,成新,0
1932,首以,0
1933,卓著,0
1934,持稳,0
1935,翔实,0
1936,该当,0
1937,也时,0
1938,就先,0
1939,怕事,0
1940,从较,0
1941,丰饶,0
1942,恭敬,0
1943,很棒,0
1944,干燥,0
1945,慢于,0
1946,肥胖,0
1947,迟于,0
1948,大便,0
1949,切面,0
1950,无痛,0
1951,虔诚,0
1952,大开,0
1953,平级,0
1954,肥差,0
1955,粗浅,0
1956,憔悴,0
1957,年迈,0
1958,更紧,0
1959,先于,0
1960,够狠,0
1961,最富,0
1962,清朗,0
1963,大凡,0
1964,隆重,0
1965,较缓,0
1966,疲劳,0
1967,陡峭,0
1968,平滑,0
1969,有硬,0
1970,有软,0
1971,严寒,0
1972,及格,0
1973,亲诚,0
1974,青涩,0
1975,模特,0
1976,浓烈,0
1977,随团,0
1978,尚远,0
1979,率团,0
1980,从易,0
1981,越向,0
1982,憋着,0
1983,异步,0
1984,均极,0
1985,时须,0
1986,美净,0
1987,繁体,0
1988,够吃,0
1989,荒芜,0
1990,整惨,0
1991,太狠,0
1992,正达,0
1993,轻度,0
1994,到微,0
1995,被套,0
1996,不亏,0
1997,腐烂,0
1998,不尽,0
1999,稍未,0
2000,未定,0
2001,茂盛,0
2002,太慢,0
2003,暖和,0
2004,偏少,0
2005,丰特,0
2006,甜蜜,0
2007,慌神,0
2008,优厚,0
2009,粘稠,0
2010,照常,0
2011,仍要,0
2012,经微,0
2013,倔强,0
2014,一动,0
2015,很甜,0
2016,偏快,0
2017,眼熟,0
2018,比为,0
2019,凄凉,0
2020,成真,0
2021,炎热,0
2022,完爆,0
2023,有越,0
2024,足已,0
2025,惊艳,0
2026,高冷,0
2027,孤傲,0
2028,悲哀,0
2029,失智,0
2030,甚于,0
2031,却未,0
2032,难对,0
2033,头显,0
2034,酌量,0
2035,比来,0
2036,高贵,0
2037,难由,0
2038,不齐,0
2039,比好,0
2040,冗余,0
2041,连后,0
2042,充沛,0
2043,慌好,0
2044,仿真,0
2045,孤单,0
2046,豪横,0
2047,难凉,0
2048,寂寞,0
2049,已就,0
2050,整齐,0
2051,的先,0
2052,灵感,0
2053,成套,0
2054,简体,0
2055,奇妙,0
2056,刻好,0
2057,独大,0
2058,越用,0
2059,最广,0
2060,有先,0
2061,却越,0
2062,不实,0
2063,致密,0
2064,不愧,0
2065,真么,0
2066,不慢,0
2067,缓缓,0
2068,无密,0
2069,一软,0
2070,一硬,0
2071,苦熬,0
2072,不正,0
2073,真要,0
2074,特都,0
2075,长仅,0
2076,早于,0
2077,恐不,0
2078,比上,0
2079,困苦,0
2080,低劣,0
2081,绝美,0
2082,稳重,0
2083,由点,0
2084,往上,0
2085,简易,0
2086,单次,0
2087,迅捷,0
2088,晦涩,0
2089,谦逊,0
2090,即正,0
2091,一是,0
2092,尚不,0
2093,同声,0
2094,冲淡,0
2095,就别,0
2096,盲动,0
2097,泛泛,0
2098,竟于,0
2099,真挚,0
2100,大同,0
2101,着较,0
2102,正由,0
2103,相为,0
2104,斗狠,0
2105,庸俗,0
2106,定不,0
2107,拟对,0
2108,越大,0
2109,难是,0
2110,难平,0
2111,快感,0
2112,已批,0
2113,一冷,0
2114,正名,0
2115,险些,0
2116,赶来,0
2117,怪怪,0
2118,多难,0
2119,同处,0
2120,已以,0
2121,难折,0
2122,其对,0
2123,终了,0
2124,至较,0
2125,独好,0
2126,明澈,0
2127,纯净,0
2128,精妙,0
2129,壮观,0
2130,一要,0
2131,随心,0
2132,妥妥,0
2133,恰巧,0
2134,艰险,0
2135,民愤,0
2136,难理,0
2137,轻便,0
2138,并肩,0
2139,的速,0
2140,鲜冷,0
2141,常对,0
2142,重进,0
2143,广远,0
2144,非同,0
2145,轻狂,0
2146,镇痛,0
2147,绝命,0
2148,奇好,0
2149,紧凑,0
2150,爽朗,0
2151,不软,0
2152,明快,0
2153,不硬,0
2154,美强,0
2155,甚少,0
2156,正要,0
2157,穷困,0
2158,正途,0
2159,淡定,0
2160,悲伤,0
2161,淫秽,0
2162,阴暗,0
2163,快慢,0
2164,入单,0
2165,甚而,0
2166,奢侈,0
2167,强健,0
2168,拼尽,0
2169,几近,0
2170,迅即,0
2171,悻悻,0
2172,潇洒,0
2173,其微,0
2174,却仅,0
2175,难促,0
2176,原样,0
2177,先对,0
2178,越往,0
2179,忧郁,0
2180,头大,0
2181,就近,0
2182,一连,0
2183,比加,0
2184,更明,0
2185,一早,0
2186,真伪,0
2187,更轻,0
2188,微细,0
2189,新锐,0
2190,已致,0
2191,光效,0
2192,亲为,0
2193,随处,0
2194,仿地,0
2195,已向,0
2196,互连,0
2197,靓丽,0
2198,惶恐,0
2199,超薄,0
2200,绝好,0
2201,辉达,0
2202,畅快,0
2203,诙谐,0
2204,嘈杂,0
2205,宽心,0
2206,衰老,0
2207,最烦,0
2208,欢乐,0
2209,稀疏,0
2210,均大,0
2211,杰出,0
2212,容错,0
2213,繁重,0
2214,分后,0
2215,一强,0
2216,很穷,0
2217,一弱,0
2218,惯常,0
2219,终归,0
2220,原已,0
2221,耐奇,0
2222,不继,0
2223,仍算,0
2224,终而,0
2225,最笨,0
2226,较新,0
2227,妥当,0
2228,宽慰,0
2229,尖刻,0
2230,繁华,0
2231,恰是,0
2232,逐级,0
2233,最远,0
2234,易感,0
2235,小偷,0
2236,深沉,0
2237,不酷,0
2238,已尽,0
2239,迷幻,0
2240,异见,0
2241,真力,0
2242,当曾,0
2243,狂喜,0
2244,勇毅,0
2245,刚健,0
2246,奋勇,0
2247,尽数,0
2248,难搞,0
2249,逗趣,0
2250,恶搞,0
2251,快活,0
2252,私密,0
2253,阴郁,0
2254,狡黠,0
2255,难懂,0
2256,新结,0
2257,明亮,0
2258,性虐,0
2259,精通,0
2260,比曾,0
2261,恨意,0
2262,仅其,0
2263,密接,0
2264,固体,0
2265,仍将,0
2266,尤加,0
2267,茂密,0
2268,不由,0
2269,怪诞,0
2270,机敏,0
2271,并对,0
2272,愈益,0
2273,长约,0
2274,蓬松,0
2275,愚笨,0
2276,揪心,0
2277,忧思,0
2278,比向,0
2279,英烈,0
2280,总要,0
2281,无异,0
2282,痛经,0
2283,何故,0
2284,离奇,0
2285,懦弱,0
2286,以常,0
2287,尚的,0
2288,的经,0
2289,暴躁,0
2290,烦躁,0
2291,消瘦,0
2292,正步,0
2293,虚名,0
2294,残暴,0
2295,稠密,0
2296,多疑,0
2297,温柔,0
2298,常以,0
2299,沉思,0
2300,惊醒,0
2301,快用,0
2302,悲凉,0
2303,完时,0
2304,登时,0
2305,忿懑,0
2306,美和,0
2307,特此,0
2308,悦耳,0
2309,从优,0
2310,暂别,0
2311,羞愧,0
2312,急促,0
2313,连体,0
2314,比其,0
2315,轻快,0
2316,有未,0
2317,痒感,0
2318,细腻,0
2319,发狂,0
2320,慵懒,0
2321,雅致,0
2322,甜甜,0
2323,时少,0
2324,幽静,0
2325,有幸,0
2326,失常,0
2327,徒步,0
2328,生硬,0
2329,远至,0
2330,惊动,0
2331,很酷,0
2332,守拙,0
2333,自当,0
2334,缓期,0
2335,默哀,0
2336,齐心,0
2337,预后,0
2338,乖张,0
2339,灵动,0
2340,烫熟,0
2341,鲜亮,0
2342,松久,0
2343,灵异,0
2344,粗鲁,0
2345,吃苦,0
2346,蹩脚,0
2347,已在,0
2348,庞皮,0
2349,慈悲,0
2350,荒凉,0
2351,只向,0
2352,即先,0
2353,珍重,0
2354,的要,0
2355,却步,0
2356,新颖,0
2357,碍眼,0
2358,率较,0
2359,清秀,0
2360,比非,0
2361,酣畅,0
2362,无暇,0
2363,终身,0
2364,的至,0
2365,胡须,0
2366,正远,0
2367,丰润,0
2368,最爱,0
2369,清明,0
2370,最敢,0
2371,亲爱,0
2372,昏暗,0
2373,似地,0
2374,低沉,0
2375,纤瘦,0
2376,着大,0
2377,躁狂,0
2378,默然,0
2379,真挺,0
2380,倦怠,0
2381,哀痛,0
2382,亲昵,0
2383,越狠,0
2384,珍爱,0
2385,苍老,0
2386,勤勉,0
2387,真大,0
2388,已趋,0
2389,正熟,0
2390,满眼,0
2391,偶发,0
2392,全速,0
2393,好恶,0
2394,最挺,0
2395,近利,0
2396,久久,0
2397,琐碎,0
2398,粗俗,0
2399,更慢,0
2400,快点,0
2401,普力,0
2402,乐特,0
2403,微信,0
2404,偏狭,0
2405,高湿,0
2406,挨个,0
2407,着对,0
2408,昏庸,0
2409,凶恶,0
2410,炫酷,0
2411,无常,0
2412,刻薄,0
2413,极白,0
2414,最受,0
2415,愤懑,0
2416,可活,0
2417,长达,0
2418,稀薄,0
2419,深爱,0
2420,不爱,0
2421,简要,0
2422,特聊,0
2423,略少,0
2424,却同,0
2425,富足,0
2426,娇小,0
2427,很严,0
2428,久远,0
2429,贫乏,0
2430,真时,0
2431,潦草,0
2432,凶残,0
2433,郑爽,0
2434,凑巧,0
2435,不低,0
2436,自本,0
2437,搞静,0
2438,欢快,0
2439,忽而,0
2440,傲气,0
2441,纤细,0
2442,宽大,0
2443,欣然,0
2444,仍以,0
2445,客满,0
2446,正和,0
2447,难当,0
2448,酷热,0
2449,非难,0
2450,轻伤,0
2451,狂躁,0
2452,愈后,0
2453,沉静,0
2454,整晚,0
2455,偷越,0
2456,率已,0
2457,猥琐,0
2458,甚的,0
2459,先声,0
2460,随行,0
2461,气高,0
2462,随口,0
2463,一和,0
2464,对劲,0
2465,恭顺,0
2466,空寂,0
2467,难忍,0
2468,合著,0
2469,极点,0
2470,齐集,0
2471,悄声,0
2472,荒淫,0
2473,就定,0
2474,向较,0
2475,将幼,0
2476,轻轻,0
2477,团建,0
2478,正经,0
2479,大佛,0
2480,一惊,0
2481,便秘,0
2482,被禁,0
2483,浑浊,0
2484,欣快,0
2485,一常,0
2486,千般,0
2487,松软,0
2488,原将,0
2489,锐利,0
2490,到快,0
2491,从慢,0
2492,慢些,0
2493,尽情,0
2494,慌忙,0
2495,凶悍,0
2496,平实,0
2497,肃穆,0
2498,无边,0
2499,呆滞,0
2500,立意,0
2501,较穷,0
2502,照相,0
2503,再多,0
2504,不蠢,0
2505,比不,0
2506,僵硬,0
2507,放肆,0
2508,酸甜,0
2509,脆皮,0
2510,激愤,0
2511,封致,0
2512,按倒,0
2513,无度,0
2514,浓淡,0
2515,极寒,0
2516,惆怅,0
2517,何不,0
2518,很硬,0
2519,碰巧,0
2520,酌情,0
2521,漂流,0
2522,彻夜,0
2523,至死,0
2524,绝密,0
2525,懒惰,0
2526,鲜美,0
2527,热名,0
2528,必应,0
2529,真名,0
2530,可怖,0
2531,和泛,0
2532,卓异,0
2533,快步,0
2534,热望,0
2535,特异,0
2536,越难,0
2537,罕少,0
2538,卓然,0
2539,踏错,0
2540,更暗,0
2541,甚或,0
2542,最冷,0
2543,清爽,0
2544,顿足,0
2545,恍然,0
2546,宁边,0
2547,也别,0
2548,潦倒,0
2549,优美,0
2550,发霉,0
2551,闷热,0
2552,连和,0
2553,熟稔,0
2554,甜美,0
2555,稍带,0
2556,顽皮,0
2557,最感,0
2558,茁壮,0
2559,偏淡,0
2560,独派,0
2561,特来,0
2562,奸诈,0
2563,悉心,0
2564,畅聊,0
2565,悬远,0
2566,朦胧,0
2567,成足,0
2568,极短,0
2569,过快,0
2570,真里,0
2571,浓稠,0
2572,可感,0
2573,最久,0
2574,迷彩,0
2575,无味,0
2576,寡淡,0
2577,随身,0
2578,有严,0
2579,杂碎,0
2580,烦人,0
2581,至多,0
2582,热辣,0
2583,执著,0
2584,丰盈,0
2585,悲喜,0
2586,古旧,0
2587,真爱,0
2588,极深,0
2589,巨富,0
2590,连在,0
2591,偏僻,0
2592,了然,0
2593,特用,0
2594,特劳,0
2595,平整,0
2596,害羞,0
2597,巨著,0
2598,古朴,0
2599,正门,0
2600,开敞,0
2601,简朴,0
2602,洒满,0
2603,轻柔,0
2604,却为,0
2605,火大,0
2606,晶莹,0
2607,谨守,0
2608,从句,0
2609,尊贵,0
2610,最穷,0
2611,疏密,0
2612,远好,0
2613,从刚,0
2614,奇高,0
2615,自愈,0
2616,瘦弱,0
2617,很脏,0
2618,耐热,0
2619,过边,0
2620,拘谨,0
2621,羞涩,0
2622,纤薄,0
2623,宽条,0
2624,遥感,0
2625,纯真,0
2626,巧巧,0
2627,间或,0
2628,全免,0
2629,狂乱,0
2630,先趋,0
2631,发胖,0
2632,立身,0
2633,才刚,0
2634,悲叹,0
2635,强忍,0
2636,俗艳,0
2637,仅对,0
2638,空泛,0
2639,分处,0
2640,不迟,0
2641,噪杂,0
2642,撒旦,0
2643,哀恸,0
2644,难后,0
2645,就其,0
2646,迷糊,0
2647,疲乏,0
2648,冷冽,0
2649,爽脆,0
2650,残缺,0
2651,阴沉,0
2652,优沃,0
2653,柔滑,0
2654,不悦,0
2655,醇厚,0
2656,清真,0
2657,毕其,0
2658,不等,0
2659,勇武,0
2660,宽宏,0
2661,刚以,0
2662,凋敝,0
2663,有假,0
2664,炽热,0
2665,高松,0
2666,很胖,0
2667,纯正,0
2668,光洁,0
2669,酷劲,0
2670,鲜嫩,0
2671,松脆,0
2672,趁手,0
2673,难为,0
2674,炽烈,0
2675,也快,0
2676,连人,0
2677,蓦然,0
2678,太穷,0
2679,太富,0
2680,纯朴,0
2681,也此,0
2682,历尽,0
2683,疏松,0
2684,赤贫,0
2685,紧致,0
2686,干瘪,0
2687,粗陋,0
2688,恢宏,0
2689,壮丽,0
2690,尖厉,0
2691,瘦高,0
2692,每夜,0
2693,难于,0
2694,典雅,0
2695,简练,0
2696,特和,0
2697,舒达,0
2698,惶惑,0
2699,无觉,0
2700,忸怩,0
2701,最硬,0
2702,极快,0
2703,太酷,0
2704,反新,0
2705,亲耳,0
2706,瘦削,0
2707,恶臭,0
2708,根深,0
2709,混熟,0
2710,根特,0
2711,舒心,0
2712,舒爽,0
2713,艰深,0
2714,过仅,0
2715,惊诧,0
2716,被疑,0
2717,切开,0
2718,俊秀,0
2719,必用,0
2720,龌龊,0
2721,清福,0
2722,虚荣,0
2723,零和,0
2724,清迈,0
2725,魁梧,0
2726,历久,0
2727,歉疚,0
2728,到较,0
2729,一栏,0
2730,新贵,0
2731,很脆,0
2732,鲜脆,0
2733,显微,0
2734,精瘦,0
2735,临终,0
2736,严实,0
2737,终可,0
2738,欣欣,0
2739,忿恨,0
2740,忙乱,0
2741,晴朗,0
2742,委靡,0
2743,暗沉,0
2744,照此,0
2745,不啻,0
2746,昂热,0
2747,从众,0
2748,麻生,0
2749,对齐,0
2750,顽劣,0
2751,就怪,0
2752,聪敏,0
2753,比是,0
2754,尽兴,0
2755,杰利,0
2756,不先,0
2757,干练,0
2758,难明,0
2759,痛感,0
2760,悲愤,0
2761,伤残,0
2762,知远,0
2763,的许,0
2764,不朽,0
2765,迥然,0
2766,的独,0
2767,狼式,0
2768,很慢,0
2769,永别,0
2770,事竟,0
2771,往外,0
2772,很熟,0
2773,最甜,0
2774,贫苦,0
2775,率时,0
2776,低洼,0
2777,每件,0
2778,以远,0
2779,高高,0
2780,最美,0
2781,俊美,0
2782,惊疑,0
2783,挺惨,0
2784,羞怯,0
2785,缠足,0
2786,奇快,0
2787,有明,0
2788,先活,0
2789,更晚,0
2790,的夜,0
2791,非未,0
2792,浩繁,0
2793,不腻,0
2794,景致,0
2795,惬意,0
2796,的快,0
2797,娇美,0
2798,冲劲,0
2799,整肃,0
2800,逐字,0
2801,最常,0
2802,多佛,0
2803,必拓,0
2804,必和,0
2805,仅只,0
2806,凄美,0
2807,重见,0
2808,不愈,0
2809,慢点,0
2810,清数,0
2811,无奇,0
2812,强暴,0
2813,首肯,0
2814,痛恶,0
2815,酸爽,0
2816,专为,0
2817,酸涩,0
2818,羞赧,0
2819,很旺,0
2820,凉快,0
2821,高定,0
2822,惊异,0
2823,污浊,0
2824,连上,0
2825,高矮,0
2826,进深,0
2827,正以,0
2828,雄壮,0
2829,沉厚,0
2830,壮阔,0
2831,暴烈,0
2832,特吃,0
2833,些小,0
2834,很忙,0
2835,才旦,0
2836,原初,0
2837,薄软,0
2838,焦脆,0
2839,真得,0
2840,邋遢,0
2841,甚晚,0
2842,凛冽,0
2843,不敬,0
2844,生僻,0
2845,高亢,0
2846,诡秘,0
2847,最忙,0
2848,自幼,0
2849,宏安,0
2850,相熟,0
2851,连眼,0
2852,愤然,0
2853,凶嫌,0
2854,清浅,0
2855,专断,0
2856,剧进,0
2857,每每,0
2858,暴恐,0
2859,乖戾,0
2860,或快,0
2861,猛地,0
2862,鲜见,0
2863,欢愉,0
2864,惊骇,0
2865,耐磨,0
2866,绝也,0
2867,丰盛,0
2868,清廉,0
2869,过劳,0
2870,不洁,0
2871,壮实,0
2872,忧惧,0
2873,越慢,0
2874,比肩,0
2875,心烦,0
2876,昂妙,0
2877,的致,0
2878,耐寒,0
2879,饱足,0
2880,恐暴,0
2881,密实,0
2882,较老,0
2883,剧透,0
2884,安生,0
2885,欢欣,0
2886,羞惭,0
2887,悖谬,0
2888,乖谬,0
2889,粗切,0
2890,暗自,0
2891,纯白,0
2892,经停,0
2893,恐同,0
2894,原住,0
2895,起先,0
2896,稚嫩,0
2897,美艳,0
2898,很惨,0
2899,暂禁,0
2900,的必,0
2901,很瘦,0
2902,较轻,0
2903,泼辣,0
2904,苛严,0
2905,无垠,0
2906,乖巧,0
2907,浓密,0
2908,初为,0
2909,迄无,0
2910,不亮,0
2911,越旧,0
2912,显贵,0
2913,径直,0
2914,立面,0
2915,不经,0
2916,愁闷,0
2917,勇猛,0
2918,冗繁,0
2919,先别,0
2920,单由,0
2921,基多,0
2922,低矮,0
2923,普利,0
2924,最火,0
2925,冥冥,0
2926,卑贱,0
2927,稍事,0
2928,短促,0
2929,尖利,0
2930,才终,0
2931,酥脆,0
2932,自尽,0
2933,莫奈,0
2934,爱和,0
2935,轻声,0
2936,激越,0
2937,不常,0
2938,不忠,0
2939,冷僻,0
2940,由来,0
2941,大即,0
2942,杰达,0
2943,勇悍,0
2944,激人,0
2945,些微,0
2946,翔平,0
2947,秀喜,0
2948,未正,0
2949,未未,0
2950,普乐,0
2951,通是,0
2952,狂暴,0
2953,心痒,0
2954,很傻,0
2955,重约,0
2956,俊俏,0
2957,古稀,0
2958,莹颖,0
2959,愤愤,0
2960,不虚,0
2961,轻慢,0
2962,快门,0
2963,终要,0
2964,最酷,0
2965,随性,0
2966,窄得,0
2967,民进,0
2968,越先,0
2969,幽微,0
2970,负疚,0
2971,炙热,0
2972,气恼,0
2973,镇静,0
2974,惊惶,0
2975,较矮,0
2976,绮丽,0
2977,随其,0
2978,混喝,0
2979,混吃,0
2980,不怯,0
2981,欢闹,0
2982,乐华,0
2983,疲累,0
2984,尽心,0
2985,真地,0
2986,最恨,0
2987,微胖,0
2988,仍正,0
2989,极广,0
2990,烦闷,0
2991,健壮,0
2992,危殆,0
2993,高远,0
2994,锋利,0
2995,比的,0
2996,温厚,0
2997,刚满,0
2998,艳俗,0
2999,的忙,0
3000,贫寒,0
3001,也常,0
3002,温婉,0
3003,最懒,0
3004,混和,0
3005,难上,0
3006,越中,0
3007,优酷,0
3008,忐忑,0
3009,仅为,0
3010,蛮好,0
3011,较厚,0
3012,霍乱,0
3013,陡直,0
3014,憋闷,0
3015,未愈,0
3016,穩定,0
3017,相當,0
3018,絕對,0
3019,連續,0
3020,連結,0
3021,輕微,0
3022,有感,0
3023,或許,0
3024,特別,0
3025,對大,0
3026,长胖,0
3027,何苦,0
3028,较短,0
3029,无对,0
3030,终日,0
3031,清澈,0
3032,真该,0
3033,妖艳,0
3034,即向,0
3035,庞慰,0
3036,必经,0
3037,伤疼,0
3038,无稽,0
3039,透亮,0
3040,爱怜,0
3041,比当,0
3042,恳切,0
3043,很蠢,0
3044,高挑,0
3045,奇谲,0
3046,丰沛,0
3047,趁乱,0
3048,倏忽,0
3049,照旧,0
3050,浑厚,0
3051,赶在,0
3052,荫蔽,0
3053,竭尽,0
3054,仰面,0
3055,逍遥,0
3056,定时,0
3057,更酷,0
3058,挺酷,0
3059,分时,0
3060,冷眼,0
3061,长效,0
3062,公决,0
3063,有妙,0
3064,秀丽,0
3065,郁郁,0
3066,别名,0
3067,蓬乱,0
3068,单薄,0
3069,未先,0
3070,就必,0
3071,良善,0
3072,精壮,0
3073,无仅,0
3074,却别,0
3075,轮次,0
3076,也终,0
3077,娓娓,0
3078,重达,0
3079,再慢,0
3080,痛觉,0
3081,连对,0
3082,睿在,0
3083,般配,0
3084,调暗,0
3085,更久,0
3086,怠惰,0
3087,暴戾,0
3088,明艳,0
3089,迷惘,0
3090,特朗,0
3091,奇爱,0
3092,到未,0
3093,初尝,0
3094,俏皮,0
3095,特以,0
3096,聒噪,0
3097,只手,0
3098,久经,0
3099,新宠,0
3100,软软,0
3101,紧实,0
3102,最严,0
3103,尚轻,0
3104,分是,0
3105,庞齐,0
3106,舒耐,0
3107,豪沃,0
3108,长须,0
3109,保妥,0
3110,忧愁,0
3111,酷酷,0
3112,拼多,0
3113,一摸,0
3114,已多,0
3115,随就,0
3116,寂寂,0
3117,壮烈,0
3118,几幅,0
3119,宽体,0
3120,了朴,0
3121,清净,0
3122,较浅,0
3123,特稠,0
3124,批未,0
3125,重来,0
3126,腼腆,0
3127,孤僻,0
3128,便便,0
3129,爱康,0
3130,成均,0
3131,有禁,0
3132,必行,0
3133,短痛,0
3134,匀称,0
3135,必看,0
3136,可鄙,0
3137,常显,0
3138,平遥,0
3139,向未,0
3140,不灵,0
3141,顺安,0
3142,到庭,0
3143,精悍,0
3144,越远,0
3145,不动,0
3146,友利,0
3147,刻奇,0
3148,一晚,0
3149,豪迈,0
3150,唯美,0
3151,痒痒,0
3152,恐穆,0
3153,比未,0
3154,明暗,0
3155,松糕,0
3156,亮明,0
3157,壮硕,0
3158,终以,0
3159,切切,0
3160,或刚,0
3161,横竖,0
3162,泼洒,0
3163,很软,0
3164,最迷,0
3165,趁此,0
3166,安外,0
3167,完人,0
3168,昏聩,0
3169,明媚,0
3170,宽厚,0
3171,一候,0
3172,繁冗,0
3173,矍铄,0
3174,善惊,0
3175,更自,0
3176,愚钝,0
3177,超细,0
3178,奸细,0
3179,幽深,0
3180,敦实,0
3181,庸众,0
3182,不雅,0
3183,舒缓,0
3184,一至,0
3185,不厚,0
3186,特是,0
3187,大上,0
3188,的默,0
3189,炙烈,0
3190,健美,0
3191,就性,0
3192,齐名,0
3193,刚生,0
3194,有美,0
3195,较冷,0
3196,迟来,0
3197,更易,0
3198,辉人,0
3199,聪对,0
3200,精整,0
3201,的点,0
3202,由约,0
3203,登后,0
3204,细密,0
3205,尽多,0
3206,竞次,0
3207,旺旺,0
3208,庸常,0
3209,耐撞,0
3210,很稳,0
3211,逐句,0
3212,不巧,0
3213,必死,0
3214,无同,0
3215,惯以,0
3216,百般,0
3217,越后,0
3218,近正,0
3219,混浊,0
3220,特已,0
3221,总好,0
3222,不匀,0
3223,腥臭,0
3224,比再,0
3225,清凉,0
3226,衰微,0
3227,密密,0
3228,最实,0
3229,猛力,0
3230,干热,0
3231,凄厉,0
3232,严朗,0
3233,平白,0
3234,方步,0
3235,谨向,0
3236,最臭,0
3237,渐深,0
3238,快快,0
3239,纷沓,0
3240,热钱,0
3241,光亮,0
3242,有重,0
3243,有轻,0
3244,奇缺,0
3245,重登,0
3246,肥私,0
3247,只对,0
3248,奢靡,0
3249,剧名,0
3250,和穆,0
3251,倨傲,0
3252,左偏,0
3253,匆促,0
3254,以慢,0
3255,即越,0
3256,脆薄,0
3257,超酷,0
3258,并许,0
3259,快地,0
3260,尊老,0
3261,酸楚,0
3262,廉耻,0
3263,正手,0
3264,瘙痒,0
3265,昂温,0
3266,快于,0
3267,发同,0
3268,可憎,0
3269,密松,0
3270,清高,0
3271,绝妙,0
3272,猛批,0
3273,用微,0
3274,逐行,0
3275,清整,0
3276,登刚,0
3277,简爱,0
3278,很滑,0
3279,几码,0
3280,通在,0
3281,要大,0
3282,不加,0
3283,不觉,0
3284,犹大,0
3285,很轻,0
3286,按许,0
3287,被伤,0
3288,太笨,0
3289,害臊,0
3290,常限,0
3291,有致,0
3292,却点,0
3293,了错,0
3294,初至,0
3295,清冷,0
3296,比正,0
3297,澄澈,0
3298,娴静,0
3299,精锐,0
3300,确然,0
3301,顿在,0
3302,就越,0
3303,温昂,0
3304,遥遥,0
3305,欢悦,0
3306,柔嫩,0
3307,淫乱,0
3308,有福,0
3309,聪颖,0
3310,宏远,0
3311,直切,0
3312,更妙,0
3313,清苦,0
3314,更细,0
3315,太薄,0
3316,大手,0
3317,蠢笨,0
3318,惶惶,0
3319,凄凄,0
3320,及底,0
3321,怅惘,0
3322,矮胖,0
3323,登已,0
3324,当为,0
3325,卑谬,0
3326,厚薄,0
3327,虚焦,0
3328,稍少,0
3329,远必,0
3330,合宜,0
3331,凉薄,0
3332,干湿,0
3333,偏软,0
3334,荒便,0
3335,悦心,0
3336,豁达,0
3337,秀微,0
3338,博秀,0
3339,吃甜,0
3340,挺大,0
3341,刚猛,0
3342,不笨,0
3343,心劲,0
3344,清贫,0
3345,巨小,0
3346,有松,0
3347,正重,0
3348,最足,0
3349,勤恳,0
3350,死硬,0
3351,寒旱,0
3352,成活,0
3353,悲苦,0
3354,好当,0
3355,低贱,0
3356,狰狞,0
3357,异同,0
3358,很松,0
3359,悠远,0
3360,踏平,0
3361,冲高,0
3362,友达,0
3363,模切,0
3364,偏高,0
3365,持弱,0
3366,极缺,0
3367,最窄,0
3368,一热,0
3369,薄出,0
3370,有静,0
3371,不急,0
3372,高瘦,0
3373,奇达,0
3374,不惊,0
3375,幽暗,0
3376,合眼,0
3377,恬淡,0
3378,庄烈,0
3379,勤密,0
3380,深恼,0
3381,急智,0
3382,粘腻,0
3383,脆断,0
3384,淫邪,0
3385,明面,0
3386,苦楚,0
3387,苦闷,0
3388,颓唐,0
3389,清脆,0
3390,一单,0
3391,散淡,0
3392,清瘦,0
3393,最险,0
3394,不显,0
3395,圆熟,0
3396,柔韧,0
3397,粗劣,0
3398,纤弱,0
3399,弛懈,0
3400,圣洁,0
3401,很弱,0
3402,恶俗,0
3403,绚烂,0
3404,奇趣,0
3405,谨细,0
3406,正心,0
3407,落魄,0
3408,睿能,0
